Datetime,Open,High,Low,Close,Adj Close,Volume
2022-06-16 09:30:00-04:00,668.2100219726562,672.530029296875,667.2999877929688,672.1013793945312,672.1013793945312,1555450
2022-06-16 09:31:00-04:00,672.0,675.5,671.010009765625,671.2849731445312,671.2849731445312,245454
2022-06-16 09:32:00-04:00,671.2849731445312,673.030029296875,668.5900268554688,670.219970703125,670.219970703125,188996
2022-06-16 09:33:00-04:00,670.7100219726562,670.7100219726562,665.1199951171875,665.5399780273438,665.5399780273438,202075
2022-06-16 09:34:00-04:00,665.5399780273438,667.159912109375,664.4000244140625,665.0999755859375,665.0999755859375,198130
2022-06-16 09:35:00-04:00,665.0,669.85498046875,663.7899780273438,668.969970703125,668.969970703125,187830
2022-06-16 09:36:00-04:00,668.77001953125,673.6900024414062,667.8800048828125,671.2401123046875,671.2401123046875,209476
2022-06-16 09:37:00-04:00,671.239990234375,673.0,668.8200073242188,669.3900146484375,669.3900146484375,137058
2022-06-16 09:38:00-04:00,669.3900146484375,669.435302734375,665.3579711914062,666.0723266601562,666.0723266601562,149591
2022-06-16 09:39:00-04:00,665.8406982421875,670.0,662.7100219726562,669.3988037109375,669.3988037109375,255054
2022-06-16 09:40:00-04:00,669.3800048828125,672.5,668.5499877929688,668.9199829101562,668.9199829101562,192931
2022-06-16 09:41:00-04:00,668.8800048828125,670.77001953125,667.5499877929688,669.0399780273438,669.0399780273438,123155
2022-06-16 09:42:00-04:00,668.9100952148438,673.7100219726562,668.760009765625,670.257080078125,670.257080078125,218835
2022-06-16 09:43:00-04:00,670.2949829101562,671.6702270507812,667.5900268554688,667.5900268554688,667.5900268554688,181281
2022-06-16 09:44:00-04:00,667.530029296875,669.9299926757812,666.030029296875,669.4799194335938,669.4799194335938,130837
2022-06-16 09:45:00-04:00,669.2750244140625,672.5800170898438,668.510009765625,669.7550048828125,669.7550048828125,158620
2022-06-16 09:46:00-04:00,670.0,671.7000122070312,666.0599975585938,671.2619018554688,671.2619018554688,205059
2022-06-16 09:47:00-04:00,670.9249877929688,672.72998046875,668.5028076171875,668.5399780273438,668.5399780273438,146467
2022-06-16 09:48:00-04:00,668.7449951171875,671.2000122070312,667.760009765625,669.0,669.0,132207
2022-06-16 09:49:00-04:00,669.439208984375,669.9998779296875,665.0800170898438,665.330078125,665.330078125,220300
2022-06-16 09:50:00-04:00,665.3699951171875,665.7100219726562,661.25,661.739990234375,661.739990234375,261703
2022-06-16 09:51:00-04:00,661.9099731445312,662.0,658.9000244140625,659.1599731445312,659.1599731445312,277850
2022-06-16 09:52:00-04:00,659.3699951171875,661.2750244140625,658.8800048828125,660.2899780273438,660.2899780273438,132672
2022-06-16 09:53:00-04:00,660.1300048828125,660.6099853515625,658.3499755859375,658.7249755859375,658.7249755859375,122097
2022-06-16 09:54:00-04:00,658.6699829101562,659.9403076171875,658.3099975585938,659.0100708007812,659.0100708007812,120056
2022-06-16 09:55:00-04:00,659.0900268554688,661.72998046875,657.4600219726562,657.530029296875,657.530029296875,177586
2022-06-16 09:56:00-04:00,657.47998046875,658.576171875,656.2999877929688,656.2999877929688,656.2999877929688,124669
2022-06-16 09:57:00-04:00,656.3900146484375,660.6099853515625,656.1599731445312,660.3200073242188,660.3200073242188,140613
2022-06-16 09:58:00-04:00,660.3800048828125,661.8900146484375,659.7999877929688,660.969970703125,660.969970703125,136499
2022-06-16 09:59:00-04:00,660.72998046875,660.9398803710938,657.5501098632812,657.844970703125,657.844970703125,119224
2022-06-16 10:00:00-04:00,657.5322875976562,657.6099853515625,655.2899780273438,655.7999267578125,655.7999267578125,157831
2022-06-16 10:01:00-04:00,655.510009765625,657.030029296875,655.0499877929688,657.030029296875,657.030029296875,133106
2022-06-16 10:02:00-04:00,657.010009765625,657.9199829101562,656.0,657.094970703125,657.094970703125,100307
2022-06-16 10:03:00-04:00,657.114990234375,658.2799072265625,655.4788818359375,656.698974609375,656.698974609375,132488
2022-06-16 10:04:00-04:00,656.6900024414062,657.8099975585938,655.9000244140625,656.780029296875,656.780029296875,79994
2022-06-16 10:05:00-04:00,656.5599975585938,656.869873046875,654.72998046875,655.7999877929688,655.7999877929688,133696
2022-06-16 10:06:00-04:00,655.8099975585938,658.5473022460938,655.6900024414062,657.0512084960938,657.0512084960938,136717
2022-06-16 10:07:00-04:00,657.1649780273438,657.5999755859375,655.0,655.4400024414062,655.4400024414062,93593
2022-06-16 10:08:00-04:00,655.4299926757812,657.75,654.75,657.25,657.25,127882
2022-06-16 10:09:00-04:00,656.8900146484375,657.4400024414062,655.090087890625,657.0,657.0,79068
2022-06-16 10:10:00-04:00,656.9099731445312,657.1900024414062,655.7000122070312,655.7100219726562,655.7100219726562,58766
2022-06-16 10:11:00-04:00,655.5999755859375,655.9099731445312,654.72998046875,654.9915771484375,654.9915771484375,91701
2022-06-16 10:12:00-04:00,655.0,655.0,653.3400268554688,654.948974609375,654.948974609375,109207
2022-06-16 10:13:00-04:00,654.5999755859375,657.5900268554688,654.5999755859375,656.239990234375,656.239990234375,156250
2022-06-16 10:14:00-04:00,656.010009765625,658.739990234375,655.27001953125,655.5700073242188,655.5700073242188,133345
2022-06-16 10:15:00-04:00,655.27001953125,658.3298950195312,654.6900024414062,658.3298950195312,658.3298950195312,99466
2022-06-16 10:16:00-04:00,658.1900024414062,659.25,657.2100830078125,658.6300048828125,658.6300048828125,98418
2022-06-16 10:17:00-04:00,658.7000122070312,660.7100219726562,658.5399780273438,659.5999755859375,659.5999755859375,122060
2022-06-16 10:18:00-04:00,659.5399780273438,660.8699951171875,658.760009765625,659.1199951171875,659.1199951171875,88612
2022-06-16 10:19:00-04:00,659.0349731445312,659.10498046875,656.4299926757812,656.4299926757812,656.4299926757812,102994
2022-06-16 10:20:00-04:00,656.2269897460938,657.969970703125,655.8087158203125,656.4984130859375,656.4984130859375,68259
2022-06-16 10:21:00-04:00,656.3900146484375,659.3699951171875,656.1912231445312,658.1876831054688,658.1876831054688,97335
2022-06-16 10:22:00-04:00,658.010009765625,659.5,656.7999877929688,657.3599853515625,657.3599853515625,81458
2022-06-16 10:23:00-04:00,657.3200073242188,658.8900146484375,657.239990234375,658.4199829101562,658.4199829101562,62054
2022-06-16 10:24:00-04:00,658.25,660.14990234375,658.25,659.0999755859375,659.0999755859375,124155
2022-06-16 10:25:00-04:00,659.13232421875,661.7000122070312,658.9600219726562,660.3900146484375,660.3900146484375,139817
2022-06-16 10:26:00-04:00,660.3900146484375,661.9299926757812,660.3599853515625,660.5800170898438,660.5800170898438,92718
2022-06-16 10:27:00-04:00,660.360107421875,661.5,659.6011962890625,659.833984375,659.833984375,88698
2022-06-16 10:28:00-04:00,659.760009765625,661.5,659.510009765625,659.7369995117188,659.7369995117188,86180
2022-06-16 10:29:00-04:00,659.6500244140625,661.5900268554688,659.6500244140625,660.9099731445312,660.9099731445312,52887
2022-06-16 10:30:00-04:00,660.711669921875,660.711669921875,658.3599853515625,659.0800170898438,659.0800170898438,70339
2022-06-16 10:31:00-04:00,658.8800048828125,660.0,658.0999755859375,658.5308227539062,658.5308227539062,52675
2022-06-16 10:32:00-04:00,658.4450073242188,659.2449951171875,657.8499755859375,658.7835083007812,658.7835083007812,57682
2022-06-16 10:33:00-04:00,659.0,662.7698974609375,658.9400024414062,661.9299926757812,661.9299926757812,142447
2022-06-16 10:34:00-04:00,661.9295043945312,662.0399169921875,658.9000244140625,659.3399047851562,659.3399047851562,67029
2022-06-16 10:35:00-04:00,658.8800048828125,659.875,657.7999877929688,657.8150024414062,657.8150024414062,57616
2022-06-16 10:36:00-04:00,657.8001708984375,659.4099731445312,656.77001953125,656.989990234375,656.989990234375,86734
2022-06-16 10:37:00-04:00,657.0347290039062,658.7999877929688,656.9199829101562,658.3350219726562,658.3350219726562,44886
2022-06-16 10:38:00-04:00,658.1300048828125,658.1998901367188,655.7999877929688,656.4299926757812,656.4299926757812,93319
2022-06-16 10:39:00-04:00,656.47998046875,656.8231201171875,655.0399780273438,655.1400146484375,655.1400146484375,73765
2022-06-16 10:40:00-04:00,655.1235961914062,656.1417236328125,654.7584838867188,655.4965209960938,655.4965209960938,82953
2022-06-16 10:41:00-04:00,655.4099731445312,656.0700073242188,654.760009765625,655.97998046875,655.97998046875,79692
2022-06-16 10:42:00-04:00,655.9400024414062,656.1699829101562,655.02001953125,655.0700073242188,655.0700073242188,69112
2022-06-16 10:43:00-04:00,655.035888671875,656.8900146484375,654.1799926757812,654.219970703125,654.219970703125,104062
2022-06-16 10:44:00-04:00,654.3800048828125,654.4550170898438,652.510009765625,652.8099975585938,652.8099975585938,128184
2022-06-16 10:45:00-04:00,652.7899780273438,653.97998046875,652.72998046875,653.280029296875,653.280029296875,67722
2022-06-16 10:46:00-04:00,653.3397216796875,655.1740112304688,653.0999755859375,653.52001953125,653.52001953125,69457
2022-06-16 10:47:00-04:00,653.5399780273438,654.7899780273438,653.531005859375,654.0800170898438,654.0800170898438,45433
2022-06-16 10:48:00-04:00,654.5999755859375,654.6400146484375,653.010009765625,653.0399780273438,653.0399780273438,60228
2022-06-16 10:49:00-04:00,653.1900024414062,654.2979736328125,652.3200073242188,652.52001953125,652.52001953125,74880
2022-06-16 10:50:00-04:00,652.7529907226562,653.9998779296875,651.510009765625,651.8300170898438,651.8300170898438,115397
2022-06-16 10:51:00-04:00,651.8300170898438,652.9600219726562,651.72998046875,652.4000244140625,652.4000244140625,61820
2022-06-16 10:52:00-04:00,652.2999877929688,653.30078125,652.2000122070312,652.6287841796875,652.6287841796875,54809
2022-06-16 10:53:00-04:00,652.510009765625,653.1837158203125,651.1500244140625,652.9992065429688,652.9992065429688,93845
2022-06-16 10:54:00-04:00,652.9342041015625,655.0999755859375,652.9000244140625,654.3499755859375,654.3499755859375,91222
2022-06-16 10:55:00-04:00,654.32470703125,654.4199829101562,653.27001953125,653.6199951171875,653.6199951171875,65044
2022-06-16 10:56:00-04:00,653.510009765625,654.4299926757812,653.3800048828125,654.1500244140625,654.1500244140625,53515
2022-06-16 10:57:00-04:00,654.0765991210938,654.4000244140625,652.4400024414062,652.72998046875,652.72998046875,69492
2022-06-16 10:58:00-04:00,652.9600219726562,653.419921875,652.6199951171875,652.9949951171875,652.9949951171875,28509
2022-06-16 10:59:00-04:00,653.1672973632812,653.1672973632812,651.2000122070312,651.4500122070312,651.4500122070312,64823
2022-06-16 11:00:00-04:00,651.5800170898438,654.3798828125,651.1885986328125,654.0549926757812,654.0549926757812,104900
2022-06-16 11:01:00-04:00,654.219970703125,655.1400146484375,653.0399780273438,654.4949951171875,654.4949951171875,91220
2022-06-16 11:02:00-04:00,654.5999755859375,655.5,653.9000244140625,655.3248291015625,655.3248291015625,84970
2022-06-16 11:03:00-04:00,655.1400146484375,655.1699829101562,653.739990234375,654.02001953125,654.02001953125,41475
2022-06-16 11:04:00-04:00,653.8400268554688,653.922607421875,653.25,653.3699951171875,653.3699951171875,45844
2022-06-16 11:05:00-04:00,653.2000122070312,653.3499755859375,652.3200073242188,652.6749877929688,652.6749877929688,43643
2022-06-16 11:06:00-04:00,652.75,653.1500244140625,652.3699951171875,652.7100219726562,652.7100219726562,52588
2022-06-16 11:07:00-04:00,652.7999877929688,653.1500244140625,651.8499755859375,652.1099853515625,652.1099853515625,51935
2022-06-16 11:08:00-04:00,651.9500122070312,652.47998046875,651.0399780273438,651.2775268554688,651.2775268554688,69398
2022-06-16 11:09:00-04:00,651.1300048828125,653.7440795898438,651.1300048828125,653.5700073242188,653.5700073242188,82615
2022-06-16 11:10:00-04:00,653.719970703125,654.2449951171875,653.2890014648438,654.0900268554688,654.0900268554688,96837
2022-06-16 11:11:00-04:00,654.0150146484375,655.6300048828125,653.5123901367188,655.25,655.25,99336
2022-06-16 11:12:00-04:00,655.25,656.52001953125,654.9299926757812,654.969970703125,654.969970703125,115258
2022-06-16 11:13:00-04:00,654.8200073242188,655.6400146484375,653.5599975585938,654.010009765625,654.010009765625,81900
2022-06-16 11:14:00-04:00,654.0,654.7899780273438,653.5900268554688,654.7899169921875,654.7899169921875,56769
2022-06-16 11:15:00-04:00,654.6599731445312,657.2346801757812,653.5,656.85498046875,656.85498046875,130618
2022-06-16 11:16:00-04:00,656.7301025390625,656.7301025390625,654.830078125,655.5,655.5,65550
2022-06-16 11:17:00-04:00,655.5650024414062,655.5650024414062,653.1799926757812,653.4600219726562,653.4600219726562,105764
2022-06-16 11:18:00-04:00,653.7244873046875,654.3098754882812,653.38037109375,653.8400268554688,653.8400268554688,43929
2022-06-16 11:19:00-04:00,653.760009765625,653.760009765625,652.27001953125,652.8385009765625,652.8385009765625,55742
2022-06-16 11:20:00-04:00,653.0,653.1099853515625,651.8400268554688,651.989990234375,651.989990234375,75814
2022-06-16 11:21:00-04:00,651.9006958007812,652.97998046875,651.0499877929688,652.760009765625,652.760009765625,80974
2022-06-16 11:22:00-04:00,652.7899780273438,653.3200073242188,652.6060180664062,653.010009765625,653.010009765625,49734
2022-06-16 11:23:00-04:00,652.8504028320312,654.1099853515625,652.5999755859375,654.0999755859375,654.0999755859375,80221
2022-06-16 11:24:00-04:00,654.25,654.3300170898438,653.0,653.1199951171875,653.1199951171875,49710
2022-06-16 11:25:00-04:00,653.2999877929688,654.3494873046875,653.0,653.2811889648438,653.2811889648438,53630
2022-06-16 11:26:00-04:00,653.7000122070312,655.2672729492188,653.0900268554688,654.8438110351562,654.8438110351562,85628
2022-06-16 11:27:00-04:00,654.8300170898438,656.72998046875,654.5321044921875,655.4000244140625,655.4000244140625,104882
2022-06-16 11:28:00-04:00,655.5,656.8499755859375,655.02001953125,656.52001953125,656.52001953125,95386
2022-06-16 11:29:00-04:00,656.0656127929688,656.5999755859375,655.0999755859375,655.1715087890625,655.1715087890625,76635
2022-06-16 11:30:00-04:00,655.2750244140625,655.760009765625,653.5399780273438,654.389892578125,654.389892578125,73384
2022-06-16 11:31:00-04:00,654.0,655.5999755859375,653.760009765625,655.5,655.5,41149
2022-06-16 11:32:00-04:00,655.5700073242188,655.6099853515625,653.9199829101562,654.5800170898438,654.5800170898438,35412
2022-06-16 11:33:00-04:00,654.0599975585938,655.0,653.9299926757812,654.2951049804688,654.2951049804688,33075
2022-06-16 11:34:00-04:00,654.1901245117188,655.0,653.9000244140625,654.030029296875,654.030029296875,29106
2022-06-16 11:35:00-04:00,653.9099731445312,654.0900268554688,653.0499877929688,653.4000244140625,653.4000244140625,49020
2022-06-16 11:36:00-04:00,653.0499877929688,653.2899169921875,652.02001953125,652.3499755859375,652.3499755859375,79849
2022-06-16 11:37:00-04:00,652.22998046875,653.3499145507812,652.0499877929688,652.8499755859375,652.8499755859375,25475
2022-06-16 11:38:00-04:00,653.2791137695312,654.219970703125,652.9000244140625,654.2050170898438,654.2050170898438,46308
2022-06-16 11:39:00-04:00,654.280029296875,654.6699829101562,653.9000244140625,654.1475219726562,654.1475219726562,39083
2022-06-16 11:40:00-04:00,654.1599731445312,654.6099243164062,652.9199829101562,653.1950073242188,653.1950073242188,37443
2022-06-16 11:41:00-04:00,653.010009765625,653.469970703125,651.7999877929688,651.8099975585938,651.8099975585938,75255
2022-06-16 11:42:00-04:00,651.7899780273438,652.010009765625,650.0499877929688,650.3499755859375,650.3499755859375,177683
2022-06-16 11:43:00-04:00,650.2000122070312,650.8499755859375,648.5800170898438,648.739990234375,648.739990234375,228654
2022-06-16 11:44:00-04:00,648.6011962890625,650.3400268554688,648.6011962890625,649.7999877929688,649.7999877929688,103872
2022-06-16 11:45:00-04:00,649.77001953125,649.9199829101562,648.5999755859375,648.8800048828125,648.8800048828125,71477
2022-06-16 11:46:00-04:00,648.7750244140625,649.4697265625,648.0,648.1500244140625,648.1500244140625,87411
2022-06-16 11:47:00-04:00,648.27001953125,648.5900268554688,647.5725708007812,648.3499755859375,648.3499755859375,67181
2022-06-16 11:48:00-04:00,648.4619140625,649.0,647.7501220703125,648.989990234375,648.989990234375,37869
2022-06-16 11:49:00-04:00,649.0,649.3599853515625,647.260009765625,649.1400146484375,649.1400146484375,67262
2022-06-16 11:50:00-04:00,649.363525390625,649.9099731445312,648.2301025390625,648.5,648.5,48051
2022-06-16 11:51:00-04:00,648.3499755859375,648.530029296875,647.0,647.8413696289062,647.8413696289062,60461
2022-06-16 11:52:00-04:00,648.0,648.47998046875,647.3499755859375,647.6649780273438,647.6649780273438,43448
2022-06-16 11:53:00-04:00,647.6469116210938,648.2462768554688,647.0,648.1389770507812,648.1389770507812,52033
2022-06-16 11:54:00-04:00,647.9550170898438,648.22998046875,646.8732299804688,647.239990234375,647.239990234375,47950
2022-06-16 11:55:00-04:00,647.24462890625,647.760009765625,646.5,646.8115234375,646.8115234375,59302
2022-06-16 11:56:00-04:00,646.8400268554688,648.4699096679688,646.6168823242188,647.7894287109375,647.7894287109375,58987
2022-06-16 11:57:00-04:00,647.848388671875,648.9000244140625,647.5599975585938,647.8201293945312,647.8201293945312,42970
2022-06-16 11:58:00-04:00,648.0,649.0800170898438,647.8150024414062,648.3150024414062,648.3150024414062,57688
2022-06-16 11:59:00-04:00,648.719970703125,649.3300170898438,648.3599853515625,649.3099975585938,649.3099975585938,47475
2022-06-16 12:00:00-04:00,649.1699829101562,649.6599731445312,648.1699829101562,648.9099731445312,648.9099731445312,47125
2022-06-16 12:01:00-04:00,648.9498901367188,649.239990234375,646.5,646.77001953125,646.77001953125,77114
2022-06-16 12:02:00-04:00,646.7000122070312,647.47998046875,645.5100708007812,645.5499877929688,645.5499877929688,84013
2022-06-16 12:03:00-04:00,645.510009765625,646.3599853515625,645.0900268554688,645.5999755859375,645.5999755859375,71325
2022-06-16 12:04:00-04:00,645.6201171875,646.1199951171875,644.4500122070312,644.5499877929688,644.5499877929688,90201
2022-06-16 12:05:00-04:00,644.72998046875,645.1699829101562,644.4000244140625,644.5,644.5,90425
2022-06-16 12:06:00-04:00,644.5449829101562,645.25,643.5700073242188,643.739990234375,643.739990234375,65762
2022-06-16 12:07:00-04:00,643.8673095703125,643.8673095703125,642.5,642.7230834960938,642.7230834960938,99110
2022-06-16 12:08:00-04:00,642.8599853515625,643.2000122070312,642.4199829101562,642.7999877929688,642.7999877929688,62421
2022-06-16 12:09:00-04:00,642.7000122070312,643.8900146484375,642.6099853515625,643.4199829101562,643.4199829101562,56600
2022-06-16 12:10:00-04:00,643.2816162109375,645.619873046875,643.280029296875,645.2462158203125,645.2462158203125,85813
2022-06-16 12:11:00-04:00,645.2783203125,645.4299926757812,643.1099853515625,643.1099853515625,643.1099853515625,48065
2022-06-16 12:12:00-04:00,643.1799926757812,643.8499755859375,642.969970703125,643.2999877929688,643.2999877929688,37879
2022-06-16 12:13:00-04:00,643.260009765625,643.719970703125,642.8200073242188,643.3098754882812,643.3098754882812,34330
2022-06-16 12:14:00-04:00,643.25,644.6298828125,643.1199951171875,644.4400024414062,644.4400024414062,38773
2022-06-16 12:15:00-04:00,644.5599975585938,645.0625,644.3143920898438,644.9500122070312,644.9500122070312,47059
2022-06-16 12:16:00-04:00,645.0,645.0999145507812,643.6900024414062,644.0449829101562,644.0449829101562,55478
2022-06-16 12:17:00-04:00,643.97998046875,645.0,643.8499755859375,644.7139892578125,644.7139892578125,38397
2022-06-16 12:18:00-04:00,644.77001953125,645.1799926757812,644.6199951171875,644.75,644.75,53534
2022-06-16 12:19:00-04:00,644.530029296875,644.780029296875,644.3800048828125,644.5,644.5,28245
2022-06-16 12:20:00-04:00,644.4099731445312,645.1998901367188,643.719970703125,645.0549926757812,645.0549926757812,52732
2022-06-16 12:21:00-04:00,645.0,645.989990234375,644.969970703125,645.2000122070312,645.2000122070312,53946
2022-06-16 12:22:00-04:00,645.2949829101562,645.9298706054688,644.7999877929688,645.046875,645.046875,32192
2022-06-16 12:23:00-04:00,644.77001953125,644.9002075195312,643.5001220703125,643.5999755859375,643.5999755859375,42536
2022-06-16 12:24:00-04:00,643.5,644.1799926757812,643.4000244140625,644.0,644.0,30324
2022-06-16 12:25:00-04:00,644.0,645.5,643.7576904296875,645.1400146484375,645.1400146484375,46845
2022-06-16 12:26:00-04:00,645.0050048828125,645.7899780273438,645.0050048828125,645.7100219726562,645.7100219726562,49129
2022-06-16 12:27:00-04:00,645.780029296875,646.1307983398438,644.52001953125,645.280029296875,645.280029296875,53426
2022-06-16 12:28:00-04:00,645.0900268554688,645.9500122070312,644.9199829101562,645.3175048828125,645.3175048828125,43956
2022-06-16 12:29:00-04:00,645.5700073242188,647.5,645.5,646.77001953125,646.77001953125,67856
2022-06-16 12:30:00-04:00,646.7999877929688,647.22998046875,645.469970703125,645.7098999023438,645.7098999023438,60820
2022-06-16 12:31:00-04:00,645.6599731445312,645.6599731445312,643.3900146484375,643.989990234375,643.989990234375,66465
2022-06-16 12:32:00-04:00,643.6353759765625,644.9299926757812,643.6353759765625,644.9299926757812,644.9299926757812,35981
2022-06-16 12:33:00-04:00,644.8049926757812,645.260009765625,644.3579711914062,644.9299926757812,644.9299926757812,44547
2022-06-16 12:34:00-04:00,644.9600219726562,645.9500122070312,644.8200073242188,645.119873046875,645.119873046875,59544
2022-06-16 12:35:00-04:00,645.0599975585938,645.0599975585938,643.4500732421875,643.77001953125,643.77001953125,44666
2022-06-16 12:36:00-04:00,643.7999877929688,643.8809814453125,642.5020751953125,642.8699951171875,642.8699951171875,70231
2022-06-16 12:37:00-04:00,643.0900268554688,643.2999267578125,642.5900268554688,642.8099975585938,642.8099975585938,47967
2022-06-16 12:38:00-04:00,642.9450073242188,643.6370239257812,642.5,643.27001953125,643.27001953125,46128
2022-06-16 12:39:00-04:00,643.2402954101562,643.469970703125,642.4301147460938,642.9500122070312,642.9500122070312,46930
2022-06-16 12:40:00-04:00,642.8200073242188,644.0399780273438,642.5,643.8900146484375,643.8900146484375,40393
2022-06-16 12:41:00-04:00,643.9000244140625,644.3800048828125,642.75,642.9000244140625,642.9000244140625,428366
2022-06-16 12:42:00-04:00,642.8699951171875,643.7999877929688,642.6400146484375,643.4299926757812,643.4299926757812,29677
2022-06-16 12:43:00-04:00,643.489990234375,644.1300048828125,643.4500122070312,643.8995971679688,643.8995971679688,32180
2022-06-16 12:44:00-04:00,643.9299926757812,646.1400146484375,643.7449951171875,645.6220703125,645.6220703125,74961
2022-06-16 12:45:00-04:00,645.6900024414062,645.9299926757812,644.301025390625,645.22998046875,645.22998046875,46809
2022-06-16 12:46:00-04:00,645.2100219726562,646.5999145507812,645.0999755859375,646.0999755859375,646.0999755859375,62682
2022-06-16 12:47:00-04:00,646.1400146484375,646.4500122070312,645.3200073242188,645.4398803710938,645.4398803710938,78776
2022-06-16 12:48:00-04:00,645.360107421875,646.530029296875,645.360107421875,646.22607421875,646.22607421875,42465
2022-06-16 12:49:00-04:00,646.3599853515625,647.010009765625,645.7113037109375,646.223876953125,646.223876953125,71181
2022-06-16 12:50:00-04:00,646.1300048828125,646.4299926757812,645.219970703125,645.8599853515625,645.8599853515625,65936
2022-06-16 12:51:00-04:00,645.8099975585938,646.3699951171875,645.2551879882812,645.594970703125,645.594970703125,36629
2022-06-16 12:52:00-04:00,645.510009765625,645.52001953125,643.9000244140625,645.2899780273438,645.2899780273438,89651
2022-06-16 12:53:00-04:00,645.4000244140625,645.4400024414062,643.6400146484375,643.6400146484375,643.6400146484375,37239
2022-06-16 12:54:00-04:00,643.68798828125,644.9000244140625,643.5449829101562,643.5700073242188,643.5700073242188,41491
2022-06-16 12:55:00-04:00,643.6599731445312,643.77001953125,641.3099975585938,641.7899780273438,641.7899780273438,129575
2022-06-16 12:56:00-04:00,641.77001953125,642.3099975585938,641.1400146484375,641.1500244140625,641.1500244140625,69284
2022-06-16 12:57:00-04:00,641.3800048828125,642.4799194335938,641.1400146484375,642.2108154296875,642.2108154296875,63688
2022-06-16 12:58:00-04:00,642.219970703125,642.4998779296875,641.5,641.7100219726562,641.7100219726562,38158
2022-06-16 12:59:00-04:00,641.8200073242188,642.7000122070312,640.8099975585938,642.7000122070312,642.7000122070312,88998
2022-06-16 13:00:00-04:00,642.6849975585938,643.969970703125,642.1699829101562,643.0999755859375,643.0999755859375,68376
2022-06-16 13:01:00-04:00,643.1500244140625,644.7999877929688,642.9409790039062,644.4688720703125,644.4688720703125,65195
2022-06-16 13:02:00-04:00,644.3599853515625,645.0499877929688,643.010009765625,644.085693359375,644.085693359375,64572
2022-06-16 13:03:00-04:00,643.8099975585938,644.239990234375,642.52001953125,642.6799926757812,642.6799926757812,33125
2022-06-16 13:04:00-04:00,642.72998046875,643.0,641.8099975585938,642.6099853515625,642.6099853515625,45793
2022-06-16 13:05:00-04:00,642.469970703125,643.2000122070312,642.469970703125,642.6900024414062,642.6900024414062,38726
2022-06-16 13:06:00-04:00,642.5,642.7999877929688,641.8499755859375,642.7999877929688,642.7999877929688,42158
2022-06-16 13:07:00-04:00,642.8699951171875,644.77001953125,642.8223266601562,644.7227172851562,644.7227172851562,81845
2022-06-16 13:08:00-04:00,644.67626953125,645.3400268554688,643.7423095703125,644.0599975585938,644.0599975585938,45443
2022-06-16 13:09:00-04:00,644.0,644.6785888671875,643.9400024414062,644.594970703125,644.594970703125,42175
2022-06-16 13:10:00-04:00,644.72998046875,644.72998046875,643.3300170898438,643.6199951171875,643.6199951171875,37428
2022-06-16 13:11:00-04:00,643.8800048828125,645.1799926757812,643.34619140625,644.7197875976562,644.7197875976562,56939
2022-06-16 13:12:00-04:00,644.72998046875,645.280029296875,643.7800903320312,644.0800170898438,644.0800170898438,41353
2022-06-16 13:13:00-04:00,643.60009765625,644.0999755859375,642.75,643.5399169921875,643.5399169921875,39707
2022-06-16 13:14:00-04:00,643.510009765625,644.1998901367188,642.9500122070312,644.0,644.0,24580
2022-06-16 13:15:00-04:00,643.610107421875,644.6900024414062,643.5900268554688,644.3599853515625,644.3599853515625,34126
2022-06-16 13:16:00-04:00,644.3699951171875,644.4600219726562,643.1099853515625,643.569091796875,643.569091796875,33844
2022-06-16 13:17:00-04:00,643.4793090820312,644.3699951171875,643.3699951171875,643.52001953125,643.52001953125,30176
2022-06-16 13:18:00-04:00,643.260009765625,643.260009765625,643.260009765625,643.260009765625,643.260009765625,22321
2022-06-16 13:19:00-04:00,643.2050170898438,643.4122924804688,642.2999877929688,642.3099975585938,642.3099975585938,55578
2022-06-16 13:20:00-04:00,642.2999877929688,642.6799926757812,641.9301147460938,642.469970703125,642.469970703125,48691
2022-06-16 13:21:00-04:00,642.5073852539062,642.5073852539062,641.4500122070312,641.5499877929688,641.5499877929688,43934
2022-06-16 13:22:00-04:00,641.5321044921875,642.6199951171875,641.3499755859375,641.8499755859375,641.8499755859375,62973
2022-06-16 13:23:00-04:00,641.8300170898438,642.3300170898438,640.77001953125,641.0900268554688,641.0900268554688,71667
2022-06-16 13:24:00-04:00,641.0499877929688,641.7698974609375,640.8900146484375,641.0999755859375,641.0999755859375,40999
2022-06-16 13:25:00-04:00,641.2476806640625,641.260009765625,640.6599731445312,641.2261962890625,641.2261962890625,56928
2022-06-16 13:26:00-04:00,641.27001953125,642.0,641.0701293945312,641.760009765625,641.760009765625,34783
2022-06-16 13:27:00-04:00,641.8104248046875,643.3400268554688,641.3762817382812,642.27001953125,642.27001953125,61783
2022-06-16 13:28:00-04:00,642.0,645.1500244140625,641.9000244140625,645.0900268554688,645.0900268554688,108204
2022-06-16 13:29:00-04:00,645.1799926757812,646.0,644.1544189453125,644.22998046875,644.22998046875,100509
2022-06-16 13:30:00-04:00,644.47998046875,646.1749267578125,644.47998046875,645.5401000976562,645.5401000976562,71764
2022-06-16 13:31:00-04:00,645.7050170898438,646.5599975585938,645.5499877929688,646.5599975585938,646.5599975585938,13967
2022-06-16 13:32:00-04:00,644.1400756835938,645.0,643.510009765625,644.9500122070312,644.9500122070312,112485
2022-06-16 13:33:00-04:00,645.0549926757812,645.3300170898438,644.0900268554688,644.6300048828125,644.6300048828125,30629
2022-06-16 13:34:00-04:00,644.3400268554688,645.0,643.5999755859375,644.5,644.5,38356
2022-06-16 13:35:00-04:00,644.8499755859375,644.9998779296875,643.719970703125,644.0549926757812,644.0549926757812,34899
2022-06-16 13:36:00-04:00,643.9849853515625,644.4199829101562,642.0999755859375,642.3300170898438,642.3300170898438,60909
2022-06-16 13:37:00-04:00,642.3599853515625,642.8099975585938,641.8800048828125,642.3400268554688,642.3400268554688,48689
2022-06-16 13:38:00-04:00,642.239990234375,642.8099975585938,641.6300048828125,642.3934936523438,642.3934936523438,52098
2022-06-16 13:39:00-04:00,642.14501953125,642.8099975585938,641.8200073242188,642.4199829101562,642.4199829101562,34892
2022-06-16 13:40:00-04:00,642.4400024414062,643.1799926757812,641.3499755859375,641.3499755859375,641.3499755859375,65380
2022-06-16 13:41:00-04:00,641.2999877929688,642.0,641.20361328125,641.4000244140625,641.4000244140625,35942
2022-06-16 13:42:00-04:00,641.3757934570312,642.2899780273438,640.7000122070312,641.8300170898438,641.8300170898438,58126
2022-06-16 13:43:00-04:00,641.5900268554688,642.0,640.7999877929688,640.7999877929688,640.7999877929688,34353
2022-06-16 13:44:00-04:00,640.9000244140625,641.1713256835938,638.8900146484375,639.1199951171875,639.1199951171875,216047
2022-06-16 13:45:00-04:00,639.2484130859375,640.0,638.9194946289062,639.760009765625,639.760009765625,62841
2022-06-16 13:46:00-04:00,639.728271484375,639.8099975585938,638.8800048828125,638.8973999023438,638.8973999023438,28663
2022-06-16 13:47:00-04:00,639.0399780273438,639.4600219726562,638.7000122070312,639.1699829101562,639.1699829101562,58650
2022-06-16 13:48:00-04:00,639.1699829101562,639.7000122070312,638.9301147460938,639.4937744140625,639.4937744140625,49385
2022-06-16 13:49:00-04:00,639.3284912109375,639.6099853515625,638.5999755859375,639.4600219726562,639.4600219726562,54552
2022-06-16 13:50:00-04:00,639.2899780273438,639.7000122070312,637.9450073242188,638.2999877929688,638.2999877929688,115826
2022-06-16 13:51:00-04:00,638.1099853515625,638.52001953125,637.8200073242188,637.8989868164062,637.8989868164062,33632
2022-06-16 13:52:00-04:00,637.9600219726562,638.2899780273438,637.719970703125,637.989990234375,637.989990234375,35451
2022-06-16 13:53:00-04:00,637.9299926757812,638.760009765625,637.780029296875,637.9299926757812,637.9299926757812,38197
2022-06-16 13:54:00-04:00,637.9000244140625,638.3505859375,637.4400024414062,638.0999755859375,638.0999755859375,49990
2022-06-16 13:55:00-04:00,638.1599731445312,638.1599731445312,636.8099975585938,636.8099975585938,636.8099975585938,93767
2022-06-16 13:56:00-04:00,636.9099731445312,637.260009765625,636.0599975585938,636.3635864257812,636.3635864257812,93578
2022-06-16 13:57:00-04:00,636.530029296875,636.919921875,635.7100219726562,635.739990234375,635.739990234375,93374
2022-06-16 13:58:00-04:00,635.72998046875,635.894775390625,634.52001953125,634.9099731445312,634.9099731445312,197165
2022-06-16 13:59:00-04:00,634.6599731445312,635.8237915039062,634.5599975585938,634.97998046875,634.97998046875,93986
2022-06-16 14:00:00-04:00,635.1953735351562,635.4774780273438,634.3300170898438,634.4500122070312,634.4500122070312,64027
2022-06-16 14:01:00-04:00,634.5471801757812,635.6124877929688,633.9500122070312,634.9647827148438,634.9647827148438,119541
2022-06-16 14:02:00-04:00,634.760009765625,634.9498901367188,634.1201171875,634.380126953125,634.380126953125,61629
2022-06-16 14:03:00-04:00,634.22998046875,635.5999755859375,634.22998046875,635.3099975585938,635.3099975585938,97487
2022-06-16 14:04:00-04:00,635.3682861328125,635.5999755859375,634.5599975585938,634.95068359375,634.95068359375,68550
2022-06-16 14:05:00-04:00,634.7800903320312,635.5809936523438,634.4000244140625,634.52001953125,634.52001953125,69183
2022-06-16 14:06:00-04:00,634.5999755859375,635.2000122070312,634.510009765625,635.0549926757812,635.0549926757812,40622
2022-06-16 14:07:00-04:00,634.9500122070312,635.6799926757812,634.02001953125,634.719970703125,634.719970703125,86633
2022-06-16 14:08:00-04:00,634.8900146484375,634.97998046875,633.4199829101562,633.6242065429688,633.6242065429688,77714
2022-06-16 14:09:00-04:00,633.47998046875,634.02001953125,632.6701049804688,632.9600219726562,632.9600219726562,83328
2022-06-16 14:10:00-04:00,632.7999877929688,633.6834716796875,632.405029296875,632.5499877929688,632.5499877929688,76850
2022-06-16 14:11:00-04:00,632.5499877929688,633.0999755859375,632.280029296875,632.2899780273438,632.2899780273438,65404
2022-06-16 14:12:00-04:00,632.4000244140625,633.405029296875,632.290771484375,633.0599975585938,633.0599975585938,104274
2022-06-16 14:13:00-04:00,632.8900756835938,633.0999755859375,632.469970703125,632.6099853515625,632.6099853515625,47286
2022-06-16 14:14:00-04:00,632.739990234375,633.1370239257812,632.5,632.7899780273438,632.7899780273438,61980
2022-06-16 14:15:00-04:00,632.7642822265625,633.5900268554688,632.5,632.510009765625,632.510009765625,88418
2022-06-16 14:16:00-04:00,632.7899780273438,633.8699951171875,632.5,632.6699829101562,632.6699829101562,71089
2022-06-16 14:17:00-04:00,632.5,632.5,631.2999877929688,631.6799926757812,631.6799926757812,91740
2022-06-16 14:18:00-04:00,631.6693115234375,632.7100219726562,631.6693115234375,632.5499877929688,632.5499877929688,51828
2022-06-16 14:19:00-04:00,632.4450073242188,633.0,631.9000854492188,632.6599731445312,632.6599731445312,47000
2022-06-16 14:20:00-04:00,632.52001953125,633.0,632.4099731445312,632.7999877929688,632.7999877929688,37697
2022-06-16 14:21:00-04:00,632.7999877929688,633.0499877929688,632.4099731445312,633.0,633.0,33946
2022-06-16 14:22:00-04:00,632.7899780273438,633.0999755859375,631.3200073242188,631.5700073242188,631.5700073242188,72817
2022-06-16 14:23:00-04:00,631.6400146484375,631.9099731445312,631.35009765625,631.9003295898438,631.9003295898438,47449
2022-06-16 14:24:00-04:00,631.833984375,632.1500244140625,631.6199951171875,631.6375122070312,631.6375122070312,37086
2022-06-16 14:25:00-04:00,631.739990234375,632.3027954101562,631.6143798828125,631.85498046875,631.85498046875,39935
2022-06-16 14:26:00-04:00,631.9025268554688,632.2000122070312,631.1500244140625,631.260009765625,631.260009765625,99127
2022-06-16 14:27:00-04:00,631.3400268554688,631.5399780273438,630.5999755859375,630.6400146484375,630.6400146484375,116432
2022-06-16 14:28:00-04:00,628.864990234375,628.864990234375,628.864990234375,628.864990234375,628.864990234375,268781
2022-06-16 14:29:00-04:00,628.8165283203125,629.465576171875,628.6900024414062,629.3499755859375,629.3499755859375,34395
2022-06-16 14:30:00-04:00,629.2100219726562,629.9448852539062,628.9199829101562,629.5,629.5,111889
2022-06-16 14:31:00-04:00,629.6400146484375,631.4000244140625,629.5999755859375,630.780029296875,630.780029296875,136385
2022-06-16 14:32:00-04:00,630.6038208007812,630.9000244140625,629.6300048828125,630.2200927734375,630.2200927734375,60611
2022-06-16 14:33:00-04:00,630.2913208007812,630.8671264648438,629.6699829101562,629.7999877929688,629.7999877929688,54327
2022-06-16 14:34:00-04:00,629.8350219726562,630.4600219726562,629.68359375,630.4349975585938,630.4349975585938,72941
2022-06-16 14:35:00-04:00,630.3699951171875,630.7999877929688,629.60498046875,629.780029296875,629.780029296875,46586
2022-06-16 14:36:00-04:00,629.5999755859375,630.2899780273438,629.260009765625,629.8499755859375,629.8499755859375,57219
2022-06-16 14:37:00-04:00,629.844970703125,630.0,628.75,629.3699951171875,629.3699951171875,67168
2022-06-16 14:38:00-04:00,629.2899780273438,631.1170043945312,629.2899780273438,630.6599731445312,630.6599731445312,105852
2022-06-16 14:39:00-04:00,630.5650024414062,631.4400024414062,629.760009765625,630.1201171875,630.1201171875,96851
2022-06-16 14:40:00-04:00,630.2000122070312,630.7000122070312,629.760009765625,630.0999755859375,630.0999755859375,86410
2022-06-16 14:41:00-04:00,630.4400024414062,632.0,630.4400024414062,631.0443725585938,631.0443725585938,103090
2022-06-16 14:42:00-04:00,631.0499877929688,631.22998046875,629.5701904296875,630.2532958984375,630.2532958984375,80127
2022-06-16 14:43:00-04:00,630.1649780273438,630.2899169921875,629.3200073242188,629.4650268554688,629.4650268554688,29261
2022-06-16 14:44:00-04:00,629.4500122070312,629.619873046875,628.5999755859375,629.1110229492188,629.1110229492188,62482
2022-06-16 14:45:00-04:00,629.3699951171875,630.8098754882812,628.8914794921875,630.1799926757812,630.1799926757812,63318
2022-06-16 14:46:00-04:00,630.2750244140625,630.469970703125,629.1026000976562,629.3900146484375,629.3900146484375,36383
2022-06-16 14:47:00-04:00,629.25,629.543701171875,628.6099853515625,628.9249877929688,628.9249877929688,49177
2022-06-16 14:48:00-04:00,628.9000244140625,628.9199829101562,626.8215942382812,626.9600219726562,626.9600219726562,277954
2022-06-16 14:49:00-04:00,627.0599975585938,627.1699829101562,626.467529296875,626.4910278320312,626.4910278320312,59008
2022-06-16 14:50:00-04:00,626.6500244140625,626.9598999023438,626.0999755859375,626.4401245117188,626.4401245117188,109239
2022-06-16 14:51:00-04:00,626.530029296875,626.8599853515625,626.3400268554688,626.6400146484375,626.6400146484375,41886
2022-06-16 14:52:00-04:00,626.7999877929688,627.3900146484375,626.5200805664062,627.0850219726562,627.0850219726562,53399
2022-06-16 14:53:00-04:00,627.260009765625,627.260009765625,626.5800170898438,626.6699829101562,626.6699829101562,39845
2022-06-16 14:54:00-04:00,626.6491088867188,627.6599731445312,626.530029296875,627.1300048828125,627.1300048828125,44073
2022-06-16 14:55:00-04:00,627.089111328125,627.8300170898438,626.8599853515625,627.469970703125,627.469970703125,49348
2022-06-16 14:56:00-04:00,627.5399780273438,629.3900146484375,627.5399780273438,629.3400268554688,629.3400268554688,81647
2022-06-16 14:57:00-04:00,629.3900146484375,629.5487060546875,628.3099975585938,628.6649780273438,628.6649780273438,64703
2022-06-16 14:58:00-04:00,628.6300048828125,629.7593994140625,628.5999755859375,629.0,629.0,43223
2022-06-16 14:59:00-04:00,629.0999755859375,629.9000244140625,628.8499755859375,629.72998046875,629.72998046875,211289
2022-06-16 15:00:00-04:00,629.7349853515625,630.7100219726562,628.719970703125,629.8599853515625,629.8599853515625,120649
2022-06-16 15:01:00-04:00,629.7100219726562,631.7125854492188,629.3286743164062,631.5900268554688,631.5900268554688,99199
2022-06-16 15:02:00-04:00,631.5650024414062,631.9400024414062,631.0098876953125,631.9400024414062,631.9400024414062,87736
2022-06-16 15:03:00-04:00,631.7999877929688,632.8200073242188,631.3900146484375,632.8060302734375,632.8060302734375,106834
2022-06-16 15:04:00-04:00,632.8499145507812,633.4733276367188,632.0,632.0,632.0,112613
2022-06-16 15:05:00-04:00,632.0,632.4099731445312,630.7379150390625,631.169677734375,631.169677734375,230218
2022-06-16 15:06:00-04:00,631.2899780273438,632.77001953125,630.260009765625,632.236083984375,632.236083984375,89012
2022-06-16 15:07:00-04:00,632.4500122070312,632.75,631.5399780273438,632.0,632.0,89244
2022-06-16 15:08:00-04:00,631.9500122070312,631.969970703125,630.3900756835938,630.72998046875,630.72998046875,78692
2022-06-16 15:09:00-04:00,630.6900024414062,632.6593017578125,630.090087890625,632.6533813476562,632.6533813476562,119703
2022-06-16 15:10:00-04:00,632.4400024414062,633.1699829101562,631.5,631.8806762695312,631.8806762695312,113940
2022-06-16 15:11:00-04:00,631.8150024414062,631.989990234375,630.6480102539062,630.77001953125,630.77001953125,52609
2022-06-16 15:12:00-04:00,630.8350219726562,631.389892578125,630.27001953125,630.9299926757812,630.9299926757812,60437
2022-06-16 15:13:00-04:00,630.7899780273438,630.9041748046875,629.3060302734375,629.3400268554688,629.3400268554688,104238
2022-06-16 15:14:00-04:00,629.260009765625,630.5,629.0,629.8350219726562,629.8350219726562,83008
2022-06-16 15:15:00-04:00,629.6400146484375,629.739990234375,628.7100830078125,628.760009765625,628.760009765625,53467
2022-06-16 15:16:00-04:00,628.739990234375,629.52001953125,628.5800170898438,629.0,629.0,68332
2022-06-16 15:17:00-04:00,628.9949951171875,630.5275268554688,628.5,630.5050048828125,630.5050048828125,60897
2022-06-16 15:18:00-04:00,630.3240966796875,630.3240966796875,629.4400024414062,629.9550170898438,629.9550170898438,41100
2022-06-16 15:19:00-04:00,629.989990234375,632.5,629.5399780273438,632.5,632.5,131540
2022-06-16 15:20:00-04:00,632.364990234375,633.5,632.0300903320312,633.1300048828125,633.1300048828125,110727
2022-06-16 15:21:00-04:00,633.23876953125,633.25,632.0401000976562,632.469970703125,632.469970703125,60337
2022-06-16 15:22:00-04:00,632.3701171875,633.0900268554688,631.6599731445312,631.8099975585938,631.8099975585938,66525
2022-06-16 15:23:00-04:00,631.969970703125,633.8699951171875,631.7999877929688,632.8599853515625,632.8599853515625,83486
2022-06-16 15:24:00-04:00,632.85498046875,633.1992797851562,631.8599853515625,632.3790283203125,632.3790283203125,58368
2022-06-16 15:25:00-04:00,632.3494873046875,633.0070190429688,632.0,633.0070190429688,633.0070190429688,55429
2022-06-16 15:26:00-04:00,633.0050048828125,634.4500122070312,633.0050048828125,633.989990234375,633.989990234375,103709
2022-06-16 15:27:00-04:00,634.3400268554688,635.75,634.2899780273438,634.510009765625,634.510009765625,115983
2022-06-16 15:28:00-04:00,634.5399780273438,635.219970703125,634.469970703125,634.6401977539062,634.6401977539062,79839
2022-06-16 15:29:00-04:00,634.5819091796875,634.8499755859375,633.7949829101562,634.3499755859375,634.3499755859375,94443
2022-06-16 15:30:00-04:00,634.1799926757812,634.5999755859375,633.5001220703125,634.1199951171875,634.1199951171875,57324
2022-06-16 15:31:00-04:00,634.02001953125,635.6500244140625,633.9564208984375,634.6699829101562,634.6699829101562,103592
2022-06-16 15:32:00-04:00,634.5499877929688,634.7374877929688,632.6900024414062,633.1400146484375,633.1400146484375,0
2022-06-16 15:33:00-04:00,633.1400146484375,633.1400146484375,631.8599853515625,632.4400024414062,632.4400024414062,82818
2022-06-16 15:34:00-04:00,632.417724609375,632.417724609375,630.5800170898438,630.5800170898438,630.5800170898438,80304
2022-06-16 15:35:00-04:00,630.75,631.1798706054688,630.1019897460938,631.0,631.0,80928
2022-06-16 15:36:00-04:00,630.7899780273438,632.5,630.7899780273438,632.239990234375,632.239990234375,79301
2022-06-16 15:37:00-04:00,632.010009765625,633.3162231445312,631.9199829101562,632.1749877929688,632.1749877929688,59191
2022-06-16 15:38:00-04:00,632.260009765625,632.8300170898438,631.6701049804688,632.7371215820312,632.7371215820312,52461
2022-06-16 15:39:00-04:00,632.7249755859375,633.2650146484375,632.0100708007812,632.4569702148438,632.4569702148438,52372
2022-06-16 15:40:00-04:00,632.4500122070312,635.6900024414062,632.4500122070312,635.6900024414062,635.6900024414062,135962
2022-06-16 15:41:00-04:00,635.5700073242188,635.8800048828125,633.7150268554688,633.77001953125,633.77001953125,79027
2022-06-16 15:42:00-04:00,633.6121826171875,634.7999877929688,633.0999755859375,634.47998046875,634.47998046875,61059
2022-06-16 15:43:00-04:00,634.3099975585938,634.7000122070312,633.610107421875,634.0399780273438,634.0399780273438,56985
2022-06-16 15:44:00-04:00,634.0,634.0,632.9099731445312,633.3300170898438,633.3300170898438,60270
2022-06-16 15:45:00-04:00,633.1500244140625,634.5499877929688,632.7301025390625,634.3800048828125,634.3800048828125,67815
2022-06-16 15:46:00-04:00,634.1600952148438,634.22998046875,632.6599731445312,633.2299194335938,633.2299194335938,76320
2022-06-16 15:47:00-04:00,633.22998046875,633.3800048828125,632.510009765625,632.5932006835938,632.5932006835938,68396
2022-06-16 15:48:00-04:00,632.6409912109375,634.0,632.5609741210938,633.22998046875,633.22998046875,76616
2022-06-16 15:49:00-04:00,633.3499755859375,633.75,633.0999755859375,633.635009765625,633.635009765625,147714
2022-06-16 15:50:00-04:00,633.75,636.0963134765625,633.530029296875,636.0963134765625,636.0963134765625,160924
2022-06-16 15:51:00-04:00,636.1099243164062,636.4500122070312,635.8599853515625,636.3200073242188,636.3200073242188,95392
2022-06-16 15:52:00-04:00,636.234619140625,638.47998046875,636.20458984375,637.780029296875,637.780029296875,177137
2022-06-16 15:53:00-04:00,637.7000122070312,638.1455078125,636.4299926757812,636.469970703125,636.469970703125,133331
2022-06-16 15:54:00-04:00,636.6199951171875,638.4619140625,636.2999877929688,638.4619140625,638.4619140625,308050
2022-06-16 15:55:00-04:00,638.280029296875,639.8250122070312,637.9600830078125,639.3599853515625,639.3599853515625,209845
2022-06-16 15:56:00-04:00,639.22998046875,639.5,638.010009765625,638.010009765625,638.010009765625,187618
2022-06-16 15:57:00-04:00,638.0,638.4500122070312,637.3200073242188,638.4000244140625,638.4000244140625,181672
2022-06-16 15:58:00-04:00,638.4500122070312,639.7000122070312,638.2999877929688,639.5098876953125,639.5098876953125,186985
2022-06-16 15:59:00-04:00,639.4500122070312,639.510009765625,638.1599731445312,639.4400024414062,639.4400024414062,393582
2022-06-17 16:00:00-04:00,650.280029296875,650.280029296875,650.280029296875,650.280029296875,650.280029296875,0
